metric,value
acc,0.601449
auc,0.599138
sensitivity,0.534483
specificity,0.650000
n_tb,58.000000
n_normal,80.000000
n_total,138.000000
