metric,value
acc,0.514493
auc,0.511961
sensitivity,0.224138
specificity,0.725000
n_tb,58.000000
n_normal,80.000000
n_total,138.000000
