metric,value
acc,0.565217
auc,0.601832
sensitivity,0.189655
specificity,0.837500
n_tb,58.000000
n_normal,80.000000
n_total,138.000000
