epoch,train_loss,val_map50,val_map
1,4.31384,0.01071,0.00292
2,3.84949,0.00465,0.00110
3,3.71475,0.01441,0.00412
