metric,value
acc,0.565217
auc,0.624461
sensitivity,0.293103
specificity,0.762500
n_tb,58.000000
n_normal,80.000000
n_total,138.000000
