metric,value
acc,0.586957
auc,0.612716
sensitivity,0.310345
specificity,0.787500
n_tb,58.000000
n_normal,80.000000
n_total,138.000000
