metric,value
acc,0.572464
auc,0.550754
sensitivity,0.017241
specificity,0.975000
n_tb,58.000000
n_normal,80.000000
n_total,138.000000
