metric,value
acc,0.485507
auc,0.431681
sensitivity,0.275862
specificity,0.637500
n_tb,58.000000
n_normal,80.000000
n_total,138.000000
