metric,value
acc,0.528986
auc,0.470151
sensitivity,0.189655
specificity,0.775000
n_tb,58.000000
n_normal,80.000000
n_total,138.000000
