metric,value
acc,0.586957
auc,0.669397
sensitivity,0.758621
specificity,0.462500
n_tb,58.000000
n_normal,80.000000
n_total,138.000000
