metric,value
acc,0.586957
auc,0.598491
sensitivity,0.534483
specificity,0.625000
n_tb,58.000000
n_normal,80.000000
n_total,138.000000
