metric,value
acc,0.579710
auc,0.618966
sensitivity,0.068966
specificity,0.950000
n_tb,58.000000
n_normal,80.000000
n_total,138.000000
