metric,value
acc,0.586957
auc,0.645366
sensitivity,0.275862
specificity,0.812500
n_tb,58.000000
n_normal,80.000000
n_total,138.000000
