metric,value
acc,0.537764
auc,0.727163
sensitivity,0.154762
specificity,0.932515
n_tb,336.000000
n_normal,326.000000
n_total,662.000000
