metric,value
acc,0.471299
auc,0.393510
sensitivity,0.809524
specificity,0.122699
n_tb,336.000000
n_normal,326.000000
n_total,662.000000
