metric,value
acc,0.557971
auc,0.466272
sensitivity,0.034483
specificity,0.937500
n_tb,58.000000
n_normal,80.000000
n_total,138.000000
