metric,value
acc,0.615942
auc,0.725216
sensitivity,0.155172
specificity,0.950000
n_tb,58.000000
n_normal,80.000000
n_total,138.000000
