metric,value
acc,0.543807
auc,0.511152
sensitivity,0.898810
specificity,0.177914
n_tb,336.000000
n_normal,326.000000
n_total,662.000000
