metric,value
acc,0.673913
auc,0.696983
sensitivity,0.603448
specificity,0.725000
n_tb,58.000000
n_normal,80.000000
n_total,138.000000
