metric,value
acc,0.501511
auc,0.598954
sensitivity,0.190476
specificity,0.822086
n_tb,336.000000
n_normal,326.000000
n_total,662.000000
