metric,value
acc,0.413897
auc,0.374466
sensitivity,0.300595
specificity,0.530675
n_tb,336.000000
n_normal,326.000000
n_total,662.000000
