metric,value
acc,0.572464
auc,0.332004
sensitivity,0.000000
specificity,0.987500
n_tb,58.000000
n_normal,80.000000
n_total,138.000000
