metric,value
acc,0.579710
auc,0.610129
sensitivity,0.103448
specificity,0.925000
n_tb,58.000000
n_normal,80.000000
n_total,138.000000
