metric,value
acc,0.587613
auc,0.603797
sensitivity,0.657738
specificity,0.515337
n_tb,336.000000
n_normal,326.000000
n_total,662.000000
