metric,value
acc,0.474320
auc,0.498206
sensitivity,0.071429
specificity,0.889571
n_tb,336.000000
n_normal,326.000000
n_total,662.000000
