metric,value
acc,0.504532
auc,0.568548
sensitivity,0.029762
specificity,0.993865
n_tb,336.000000
n_normal,326.000000
n_total,662.000000
