metric,value
acc,0.536232
auc,0.537392
sensitivity,0.086207
specificity,0.862500
n_tb,58.000000
n_normal,80.000000
n_total,138.000000
