metric,value
acc,0.454683
auc,0.325614
sensitivity,0.071429
specificity,0.849693
n_tb,336.000000
n_normal,326.000000
n_total,662.000000
