metric,value
acc,0.579710
auc,0.425970
sensitivity,0.000000
specificity,1.000000
n_tb,58.000000
n_normal,80.000000
n_total,138.000000
