metric,value
acc,0.579710
auc,0.588685
sensitivity,0.086207
specificity,0.937500
n_tb,58.000000
n_normal,80.000000
n_total,138.000000
