metric,value
acc,0.531722
auc,0.717394
sensitivity,0.125000
specificity,0.950920
n_tb,336.000000
n_normal,326.000000
n_total,662.000000
